{
    "accuracy": 0.9441624365482234,
    "precision": 0.9887640449438202,
    "recall": 0.8979591836734694,
    "auc": 0.9789734075448361
}